<?xml version="1.0" encoding="UTF-8"?>
<project-private xmlns="http://www.netbeans.org/ns/project-private/1">
    <editor-bookmarks xmlns="http://www.netbeans.org/ns/editor-bookmarks/2" lastBookmarkId="0"/>
    <open-files xmlns="http://www.netbeans.org/ns/projectui-open-files/2">
        <group>
            <file>file:/C:/Users/Usuario/Documents/NetBeansProjects/Interfaz_Diario_Angelitos_V2/src/interfaz_diario_angelitos_v2/VentanaTutor.java</file>
            <file>file:/C:/Users/Usuario/Documents/NetBeansProjects/Interfaz_Diario_Angelitos_V2/src/interfaz_diario_angelitos_v2/VentanaPrincipal.java</file>
            <file>file:/C:/Users/Usuario/Documents/NetBeansProjects/Interfaz_Diario_Angelitos_V2/src/interfaz_diario_angelitos_v2/ModificarNiño.java</file>
            <file>file:/C:/Users/Usuario/Documents/NetBeansProjects/Interfaz_Diario_Angelitos_V2/src/interfaz_diario_angelitos_v2/VentanaRegistro.java</file>
            <file>file:/C:/Users/Usuario/Documents/NetBeansProjects/Interfaz_Diario_Angelitos_V2/src/interfaz_diario_angelitos_v2/AñadirTutor.java</file>
            <file>file:/C:/Users/Usuario/Documents/NetBeansProjects/Interfaz_Diario_Angelitos_V2/src/interfaz_diario_angelitos_v2/AñadirNiño.java</file>
        </group>
    </open-files>
</project-private>
